Workbook

Sheet Summary
A1: Keywords & Phrases — Severity Grading Summary
A2: Select Yellow or Red on each trade sheet. This summary updates automatically.
A4: Trade | B4: Total Items | C4: Yellow Count | D4: Red Count | E4: % Graded
A5: Foundation Concrete | B5: 40 | C5: =COUNTIF('Foundation Concrete'!$C$2:$C$41,"Yellow") | D5: =COUNTIF('Foundation Concrete'!$C$2:$C$41,"Red") | E5: =IF(B5=0,0,ROUND((C5+D5)/B5*100,0))
A6: Framing | B6: 40 | C6: =COUNTIF('Framing'!$C$2:$C$41,"Yellow") | D6: =COUNTIF('Framing'!$C$2:$C$41,"Red") | E6: =IF(B6=0,0,ROUND((C6+D6)/B6*100,0))
A7: Plumbing Rough | B7: 40 | C7: =COUNTIF('Plumbing Rough'!$C$2:$C$41,"Yellow") | D7: =COUNTIF('Plumbing Rough'!$C$2:$C$41,"Red") | E7: =IF(B7=0,0,ROUND((C7+D7)/B7*100,0))
A8: HVAC Rough | B8: 40 | C8: =COUNTIF('HVAC Rough'!$C$2:$C$41,"Yellow") | D8: =COUNTIF('HVAC Rough'!$C$2:$C$41,"Red") | E8: =IF(B8=0,0,ROUND((C8+D8)/B8*100,0))
A9: Electrical Rough | B9: 40 | C9: =COUNTIF('Electrical Rough'!$C$2:$C$41,"Yellow") | D9: =COUNTIF('Electrical Rough'!$C$2:$C$41,"Red") | E9: =IF(B9=0,0,ROUND((C9+D9)/B9*100,0))
A10: Drywall Plaster | B10: 40 | C10: =COUNTIF('Drywall Plaster'!$C$2:$C$41,"Yellow") | D10: =COUNTIF('Drywall Plaster'!$C$2:$C$41,"Red") | E10: =IF(B10=0,0,ROUND((C10+D10)/B10*100,0))
A11: Paint | B11: 40 | C11: =COUNTIF('Paint'!$C$2:$C$41,"Yellow") | D11: =COUNTIF('Paint'!$C$2:$C$41,"Red") | E11: =IF(B11=0,0,ROUND((C11+D11)/B11*100,0))
A12: Flooring | B12: 40 | C12: =COUNTIF('Flooring'!$C$2:$C$41,"Yellow") | D12: =COUNTIF('Flooring'!$C$2:$C$41,"Red") | E12: =IF(B12=0,0,ROUND((C12+D12)/B12*100,0))
A13: Cabinets | B13: 40 | C13: =COUNTIF('Cabinets'!$C$2:$C$41,"Yellow") | D13: =COUNTIF('Cabinets'!$C$2:$C$41,"Red") | E13: =IF(B13=0,0,ROUND((C13+D13)/B13*100,0))
A14: Finish Work | B14: 40 | C14: =COUNTIF('Finish Work'!$C$2:$C$41,"Yellow") | D14: =COUNTIF('Finish Work'!$C$2:$C$41,"Red") | E14: =IF(B14=0,0,ROUND((C14+D14)/B14*100,0))
A15: TOTAL | B15: 400 | C15: =SUM(C5:C14) | D15: =SUM(D5:D14) | E15: =IF(B15=0,0,ROUND((C15+D15)/B15*100,0))

Sheet Instructions
A1: Keywords and Phrases for ClassifierEngine
A3: Purpose:
A4: This document contains the initial set of keywords and short phrases used by the ClassifierEngine to determine Red and Yellow issues. It is designed specifically for USA residential home building projects.
A6: Phase 1 – Foundation
A7: This is the first version of the keyword library. It was built using common language from USA home builders and field subcontractors.
A9: Future Improvements
A10: As the system is used, we will expand and refine this list based on:
A11: • Real messages coming through SMS, Email, Voice, and MMS from actual subcontractors.
A12: • Feedback and corrections from the Project Manager.
A13: • Patterns observed across multiple builders once more companies start using the system.
A15: This document is intended to be a living file that improves over time with real-world usage.
A17: ━━ How to Use This File ━━
... A43: (e.g. quality issues, cleanliness, minor delays).

Sheet Foundation Concrete
A1: Term | B1: Type | C1: Severity | D1: Notes / Example Issue
A2: rebar | B2: Word | C2: Red | D2: Missing or wrong rebar placement
A3: form | B3: Word | C3: Yellow | D3: Form boards shifting or breaking
A4: pour | B4: Word | C4: Red | D4: Concrete pour issues, scheduling
A5: cure | B5: Word | C5: Yellow | D5: Concrete not curing properly
A6: slab | B6: Word | C6: Red | D6: Slab thickness, cracks, finish
A7: footer | B7: Word | C7: Yellow | D7: Footer depth, width, or location
A8: vapor | B8: Word | C8: Red | D8: Vapor barrier missing or torn
A9: gravel | B9: Word | C9: Yellow | D9: Gravel base not compacted
A10: grade | B10: Word | C10: Red | D10: Grading issues around foundation
A11: mud | B11: Word | C11: Yellow | D11: Muddy conditions affecting pour
A12: frost | B12: Word | C12: Red | D12: Frost in ground, frost heave
... A41: concrete not curing | B41: Phrase | C41: Yellow | D41: Curing time or temperature issue
C42: Red
A43: Total entries: 40 | C43: Yellow

Sheet Framing
A1: Term | B1: Type | C1: Severity | D1: Notes / Example Issue
A2: truss | B2: Word | C2: Red | D2: Damaged, missing, or wrong trusses
A3: rafter | B3: Word | C3: Yellow | D3: Rafter issues, spacing, damage
A4: joist | B4: Word | C4: Red | D4: Floor or ceiling joist problems
A5: stud | B5: Word | C5: Yellow | D5: Stud spacing, damage, warping
A6: beam | B6: Word | C6: Red | D6: Beam placement, size, cracks
A7: header | B7: Word | C7: Yellow | D7: Window/door header wrong size
A8: sheathing | B8: Word | C8: Red | D8: OSB or plywood issues
A9: nailing | B9: Word | C9: Yellow | D9: Nail pattern, missing nails
A10: hanger | B10: Word | C10: Red | D10: Joist hangers missing or wrong
A11: ridge | B11: Word | C11: Yellow | D11: Ridge beam alignment
A12: wall | B12: Word | C12: Red | D12: Wall placement, square, plumb
... A41: splice not heavy enough | B41: Phrase | C41: Yellow | D41: Splice plate undersized
C42: Red
A43: Total entries: 40 | C43: Yellow

Sheet Plumbing Rough
A1: Term | B1: Type | C1: Severity | D1: Notes / Example Issue
A2: vent | B2: Word | C2: Red | D2: Vent pipe routing or size issues
A3: drain | B3: Word | C3: Yellow | D3: Drain line slope or connection
A4: pipe | B4: Word | C4: Red | D4: Pipe damage, wrong size
A5: trap | B5: Word | C5: Yellow | D5: P-trap clearance or location
A6: stub | B6: Word | C6: Red | D6: Stub out location for fixtures
A7: meter | B7: Word | C7: Yellow | D7: Water meter location
A8: sewer | B8: Word | C8: Red | D8: Sewer connection or cleanout
A9: gas | B9: Word | C9: Yellow | D9: Gas piping issues
A10: waste | B10: Word | C10: Red | D10: Waste line problems
A11: rough | B11: Word | C11: Yellow | D11: Rough-in height or location
A12: tub | B12: Word | C12: Red | D12: Tub valve or drain location
... A41: floor drain missing | B41: Phrase | C41: Yellow | D41: Required floor drain not installed
C42: Red
A43: Total entries: 40 | C43: Yellow

Sheet HVAC Rough
A1: Term | B1: Type | C1: Severity | D1: Notes / Example Issue
A2: duct | B2: Word | C2: Red | D2: Ductwork size, routing, damage
A3: vent | B3: Word | C3: Yellow | D3: Supply or return vent location
A4: return | B4: Word | C4: Red | D4: Return air duct sizing
A5: plenum | B5: Word | C5: Yellow | D5: Plenum box issues
A6: register | B6: Word | C6: Red | D6: Register boot location
A7: trunk | B7: Word | C7: Yellow | D7: Main trunk line issues
A8: branch | B8: Word | C8: Red | D8: Branch duct tap issues
A9: flex | B9: Word | C9: Yellow | D9: Flex duct kinked or crushed
A10: chase | B10: Word | C10: Red | D10: Chase not framed correctly
A11: condenser | B11: Word | C11: Yellow | D11: Condenser pad or location
A12: furnace | B12: Word | C12: Red | D12: Furnace placement or clearance
... A41: can't rough in today | B41: Phrase | C41: Yellow | D41: Framing not ready for HVAC
C42: Red
A43: Total entries: 40 | C43: Yellow

Sheet Electrical Rough
A1: Term | B1: Type | C1: Severity | D1: Notes / Example Issue
A2: wire | B2: Word | C2: Red | D2: Wire gauge, type, or damage
A3: Romex | B3: Word | C3: Yellow | D3: Romex stapling, damage violations
A4: box | B4: Word | C4: Red | D4: Box fill, placement, missing
A5: switch | B5: Word | C5: Yellow | D5: Switch location or height
A6: outlet | B6: Word | C6: Red | D6: Outlet spacing or location
A7: receptacle | B7: Word | C7: Yellow | D7: Receptacle type or placement
A8: conduit | B8: Word | C8: Red | D8: Conduit fill, routing, damage
A9: panel | B9: Word | C9: Yellow | D9: Panel location, clearance
A10: breaker | B10: Word | C10: Red | D10: Breaker sizing or trip issues
A11: ground | B11: Word | C11: Yellow | D11: Missing or improper ground
A12: AFCI | B12: Word | C12: Red | D12: AFCI breaker requirements
... A41: light box not supported | B41: Phrase | C41: Yellow | D41: Box not rated for ceiling fan
C42: Red
A43: Total entries: 40 | C43: Yellow

Sheet Drywall Plaster
A1: Term | B1: Type | C1: Severity | D1: Notes / Example Issue
A2: mud | B2: Word | C2: Red | D2: Joint compound, drying, finish
A3: tape | B3: Word | C3: Yellow | D3: Tape bubbling, lifting, cracking
A4: bead | B4: Word | C4: Red | D4: Corner bead loose or damaged
A5: screw | B5: Word | C5: Yellow | D5: Screw pops, missed, or depth
A6: nail | B6: Word | C6: Red | D6: Nail pops
A7: joint | B7: Word | C7: Yellow | D7: Joint finishing, cracking
A8: corner | B8: Word | C8: Red | D8: Corner issues, inside/outside
A9: ceiling | B9: Word | C9: Yellow | D9: Ceiling sag, seam issues
A10: texture | B10: Word | C10: Red | D10: Texture matching, orange peel
A11: sand | B11: Word | C11: Yellow | D11: Sanding dust, finish quality
A12: patch | B12: Word | C12: Red | D12: Patch work needed
... A41: screw is stripped | B41: Phrase | C41: Yellow | D41: Screw not catching in stud
C42: Red
A43: Total entries: 40 | C43: Yellow

Sheet Paint
A1: Term | B1: Type | C1: Severity | D1: Notes / Example Issue
A2: wall | B2: Word | C2: Red | D2: Wall paint coverage or issues
A3: ceiling | B3: Word | C3: Yellow | D3: Ceiling paint, flashing
A4: trim | B4: Word | C4: Red | D4: Trim paint, brush marks, drips
A5: door | B5: Word | C5: Yellow | D5: Door paint, finish quality
A6: cabinet | B6: Word | C6: Red | D6: Cabinet paint or color issues
A7: stain | B7: Word | C7: Yellow | D7: Stain color or application
A8: primer | B8: Word | C8: Red | D8: Primer not applied or wrong type
A9: coat | B9: Word | C9: Yellow | D9: Number of coats, coverage
A10: flash | B10: Word | C10: Red | D10: Shiny spots from touch-up
A11: drip | B11: Word | C11: Yellow | D11: Paint drips on trim or floor
A12: roller | B12: Word | C12: Red | D12: Roller marks or texture
... A41: garage floor not painted | B41: Phrase | C41: Yellow | D41: Missed scope item
C42: Red
A43: Total entries: 40 | C43: Yellow

Sheet Flooring
A1: Term | B1: Type | C1: Severity | D1: Notes / Example Issue
A2: plank | B2: Word | C2: Red | D2: LVP or laminate plank issues
A3: tile | B3: Word | C3: Yellow | D3: Tile crack, lippage, layout
A4: hardwood | B4: Word | C4: Red | D4: Hardwood cupping, gaps
A5: carpet | B5: Word | C5: Yellow | D5: Carpet seams, stretching
A6: vinyl | B6: Word | C6: Red | D6: Vinyl sheet or plank issues
A7: grout | B7: Word | C7: Yellow | D7: Grout cracking, color issues
A8: subfloor | B8: Word | C8: Red | D8: Subfloor prep, flatness
A9: underlayment | B9: Word | C9: Yellow | D9: Underlayment type or gaps
A10: transition | B10: Word | C10: Red | D10: Transition strip issues
A11: baseboard | B11: Word | C11: Yellow | D11: Baseboard gaps or damage
A12: lippage | B12: Word | C12: Red | D12: Tile height difference
... A41: carpet padding tore | B41: Phrase | C41: Yellow | D41: Padding damaged during install
C42: Red
A43: Total entries: 40 | C43: Yellow

Sheet Cabinets
A1: Term | B1: Type | C1: Severity | D1: Notes / Example Issue
A2: cabinet | B2: Word | C2: Red | D2: General cabinet issue
A3: door | B3: Word | C3: Yellow | D3: Door alignment, swing, damage
A4: drawer | B4: Word | C4: Red | D4: Drawer glide, fit, front
A5: hinge | B5: Word | C5: Yellow | D5: Hinge adjustment, damage
A6: pull | B6: Word | C6: Red | D6: Handle/pull placement or missing
A7: knob | B7: Word | C7: Yellow | D7: Knob location or wrong style
A8: shelf | B8: Word | C8: Red | D8: Shelf adjustment, missing pins
A9: face | B9: Word | C9: Yellow | D9: Cabinet face frame alignment
A10: panel | B10: Word | C10: Red | D10: End panel, filler, gable
A11: filler | B11: Word | C11: Yellow | D11: Filler strip size or gap
A12: toe | B12: Word | C12: Red | D12: Toe kick height or missing
... A41: opening not sized right | B41: Phrase | C41: Yellow | D41: Opening too small for appliance
C42: Red
A43: Total entries: 40 | C43: Yellow

Sheet Finish Work
A1: Term | B1: Type | C1: Severity | D1: Notes / Example Issue
A2: trim | B2: Word | C2: Red | D2: Base, casing, or crown issues
A3: casing | B3: Word | C3: Yellow | D3: Window or door casing gaps
A4: base | B4: Word | C4: Red | D4: Baseboard gaps or miters
A5: crown | B5: Word | C5: Yellow | D5: Crown molding miters or copes
A6: miter | B6: Word | C6: Red | D6: Miter joint gap or angle
A7: cope | B7: Word | C7: Yellow | D7: Coped joint quality
A8: caulk | B8: Word | C8: Red | D8: Caulking needed or cracking
A9: nail | B9: Word | C9: Yellow | D9: Nail holes, pops, or fill
A10: putty | B10: Word | C10: Red | D10: Putty not applied or color wrong
A11: stain | B11: Word | C11: Yellow | D11: Stain match, blotchiness
A12: clear | B12: Word | C12: Red | D12: Clear coat or polyurethane issues
... A41: window sill not caulked | B41: Phrase | C41: Yellow | D41: Sill gap, not sealed
C42: Red
A43: Total entries: 40 | C43: Yellow
